"stop_name","stop_name"
"Butler Plaza Transfer Station","Butler Plaza Transfer Station"
"Hilton Garden Inn","Hilton Garden Inn"
"Sam's Club","Sam's Club"
"Lowe's @ Butler Plaza Eastbound","Lowe's @ Butler Plaza Eastbound"
"Publix at Butler Plaza","Publix at Butler Plaza"
"Pizza Hut Archer Rd Eastbound","Pizza Hut Archer Rd Eastbound"
"Radio Shack @ Archer Road","Radio Shack @ Archer Road"
"Silver Creek Apartments","Silver Creek Apartments"
"Capstone Quarters Apartments","Capstone Quarters Apartments"
"Brandywine Apartments","Brandywine Apartments"
"University Commons","University Commons"
"The Bartram Apartments","The Bartram Apartments"
"Shands Care Helicopter Pad","Shands Care Helicopter Pad"
"VA Hospital @ Archer Rd","VA Hospital @ Archer Rd"
"Shands Cancer Hospital","Shands Cancer Hospital"
"Norman Field","Norman Field"
"Norman Hall","Norman Hall"
"Social 28 Apartments","Social 28 Apartments"
"Phi Kappa Tau","Phi Kappa Tau"
"Eastbound SW 2nd Avenue @ SW 10th Street","Eastbound SW 2nd Avenue @ SW 10th Street"
"Innovation Square East","Innovation Square East"
"Second Avenue Center Apartments","Second Avenue Center Apartments"
"Eastbound SW 2nd Ave @ SW 2nd St","Eastbound SW 2nd Ave @ SW 2nd St"
"Alachua County Courthouse","Alachua County Courthouse"
"Hippodrome Theatre","Hippodrome Theatre"
"Arlington Square Apartments","Arlington Square Apartments"
"Rosa Parks RTS Downtown Station","Rosa Parks RTS Downtown Station"
"Arlington Square Apartments","Arlington Square Apartments"
"Hampton Inn Hotel","Hampton Inn Hotel"
"Westbound SW 2nd Avenue @ SW 2nd Street","Westbound SW 2nd Avenue @ SW 2nd Street"
"The Continuum","The Continuum"
"720 SW 2nd Ave","720 SW 2nd Ave"
"Innovation Square West","Innovation Square West"
"College Manor Apartments","College Manor Apartments"
"Southbound SW 13th Street @ Inner Road","Southbound SW 13th Street @ Inner Road"
"Southbound SW 13th Street @ Museum Road","Southbound SW 13th Street @ Museum Road"
"University Housing Office","University Housing Office"
"UF Health Archer Road","UF Health Archer Road"
"Shands Hospital @ Davis Cancer Pavilion","Shands Hospital @ Davis Cancer Pavilion"
"Mt Vernon Apartments","Mt Vernon Apartments"
"Country Village","Country Village"
"UF Surge Area Drive","UF Surge Area Drive"
"Tropic Carwash","Tropic Carwash"
"Westbound Archer Road @ SW 34th Street","Westbound Archer Road @ SW 34th Street"
"Whole Foods @ Butler Town Center","Whole Foods @ Butler Town Center"
"Chili's Grill and Bar @ Butler Plaza","Chili's Grill and Bar @ Butler Plaza"
"Bonefish Grill Seafood Restaurant @ Butler Plaza","Bonefish Grill Seafood Restaurant @ Butler Plaza"
"Butler Plaza","Butler Plaza"
"Sam's Club","Sam's Club"
"Hilton Garden Inn","Hilton Garden Inn"
"NE Walmart Supercenter","NE Walmart Supercenter"
"Mount Zion Church of God","Mount Zion Church of God"
"Gardenia Garden Apartments","Gardenia Garden Apartments"
"NE 15th St @ NE 7th Ave","NE 15th St @ NE 7th Ave"
"Mt. Olive Primitive Baptist Church","Mt. Olive Primitive Baptist Church"
"NE 15th St @ NE 3rd Ave Farside","NE 15th St @ NE 3rd Ave Farside"
"Fast Eddie's Restaurant","Fast Eddie's Restaurant"
"Veteran's Honor Center","Veteran's Honor Center"
"SE Hawthorne Rd @ SE 18th St Eastbound","SE Hawthorne Rd @ SE 18th St Eastbound"
"SE Hawthorne Rd @ SE 21 St Eastbound","SE Hawthorne Rd @ SE 21 St Eastbound"
"GTEC","GTEC"
"Lincoln Estates","Lincoln Estates"
"Lincoln Estates Neighborhood","Lincoln Estates Neighborhood"
"Southbound SE 19th TER @ SE 12th AVE","Southbound SE 19th TER @ SE 12th AVE"
"Westbound SE 12th Avenue @ SE 18th Terrace","Westbound SE 12th Avenue @ SE 18th Terrace"
"Lincoln Estates Neighborhood","Lincoln Estates Neighborhood"
"Southbound SE 15th Street @ SE 14th Avenue","Southbound SE 15th Street @ SE 14th Avenue"
"McPherson Recreational Center","McPherson Recreational Center"
"Westbound SE 22nd Avenue @ SE 13th Street","Westbound SE 22nd Avenue @ SE 13th Street"
"Westbound SE 22nd Avenue @ SE 12th Street","Westbound SE 22nd Avenue @ SE 12th Street"
"Gainesville Housing Authority","Gainesville Housing Authority"
"SE 7th Avenue @ SE 10th Terrace","SE 7th Avenue @ SE 10th Terrace"
"The Cotton Club","The Cotton Club"
"Westbound SE 7th Avenue @ SE 8th Street","Westbound SE 7th Avenue @ SE 8th Street"
"Eastbound SE 7th Avenue @ SE 8th Street","Eastbound SE 7th Avenue @ SE 8th Street"
"The Cotton Club","The Cotton Club"
"Mt Moriah Baptist Church","Mt Moriah Baptist Church"
"Sugarhill Neighborhood @ SE 4th Street","Sugarhill Neighborhood @ SE 4th Street"
"Eastbound SE 22nd Avenue @ SE 12th Street","Eastbound SE 22nd Avenue @ SE 12th Street"
"Eastbound SE 22nd Avenue @ SE 13th Street","Eastbound SE 22nd Avenue @ SE 13th Street"
"Showers of Blessing","Showers of Blessing"
"Boulware Springs Nature Park","Boulware Springs Nature Park"
"Robinson Heights","Robinson Heights"
"Prairie View Elementary School","Prairie View Elementary School"
"Showers of Blessings Harvest Center","Showers of Blessings Harvest Center"
"McPherson Recreational Center","McPherson Recreational Center"
"Northbound SE 15th Street @ SE 13th Place","Northbound SE 15th Street @ SE 13th Place"
"Lincoln Estate Neighborhood","Lincoln Estate Neighborhood"
"Lincoln Estate Neighborhood","Lincoln Estate Neighborhood"
"Lincoln Estate Neighborhood","Lincoln Estate Neighborhood"
"Lincoln Estate Neighborhood","Lincoln Estate Neighborhood"
"Lincoln Estates","Lincoln Estates"
"Save A LOT Food Store","Save A LOT Food Store"
"Phase III Supply","Phase III Supply"
"Alachua School Bus Parking Lot","Alachua School Bus Parking Lot"
"Veteran's Honor Center","Veteran's Honor Center"
"Fast Eddie's Restaurant","Fast Eddie's Restaurant"
"NE 15th St @ NE 3rd Ave Nearside","NE 15th St @ NE 3rd Ave Nearside"
"Cohens Temple","Cohens Temple"
"NE 15th St @ NE 8th Ave","NE 15th St @ NE 8th Ave"
"MLK Center","MLK Center"
"SE 24th Street - Dollar General Store","SE 24th Street - Dollar General Store"
"Health Department","Health Department"
"Northbound SE 24th Street @ E University Avenue","Northbound SE 24th Street @ E University Avenue"
"Harper's Pointe","Harper's Pointe"
"Westbound E University Avenue @ SE 21st Street","Westbound E University Avenue @ SE 21st Street"
"SE 18th St @ E University Avenue","SE 18th St @ E University Avenue"
"NE 18 ST @ NE 3 AVE","NE 18 ST @ NE 3 AVE"
"NE 18th St","NE 18th St"
"NE 18th St @ NE 8th Ave","NE 18th St @ NE 8th Ave"
"Bartley Temple United Methodist Church","Bartley Temple United Methodist Church"
"NE Walmart Supercenter","NE Walmart Supercenter"
"Rose Food Store","Rose Food Store"
"Michelle Garden Apartments","Michelle Garden Apartments"
"Auto Audio","Auto Audio"
"Department of Children and Families","Department of Children and Families"
"St. Patrick Catholic Church","St. Patrick Catholic Church"
"Sandwich Inn @ NE 16th Ave","Sandwich Inn @ NE 16th Ave"
"Midas @ N Main Street","Midas @ N Main Street"
"N Main Post Office","N Main Post Office"
"NW 2nd St @ NW 16th Ave Northbound","NW 2nd St @ NW 16th Ave Northbound"
"Northeast Park","Northeast Park"
"Department of Children and Families","Department of Children and Families"
"Auto Audio","Auto Audio"
"Michelle Garden Apartments","Michelle Garden Apartments"
"Fair View Apartments","Fair View Apartments"
"NE 18th St @ NE 8th Ave","NE 18th St @ NE 8th Ave"
"NE 18th St","NE 18th St"
"NE 18 ST @ NE 3 AVE","NE 18 ST @ NE 3 AVE"
"Alachua County School Board Administration Annex","Alachua County School Board Administration Annex"
"Eastbound University Avenue @ SE 21st Street","Eastbound University Avenue @ SE 21st Street"
"Eastbound University Avenue @ SE 24th Street","Eastbound University Avenue @ SE 24th Street"
"Health Department","Health Department"
"SE 24th Street at Hawthorne Road","SE 24th Street at Hawthorne Road"
"Oaks Mall SW 62nd Blvd","Oaks Mall SW 62nd Blvd"
"Panera Bread @ Newberry Road","Panera Bread @ Newberry Road"
"Durant Estate","Durant Estate"
"Eastbound W Newberry Rd @ NW 53rd Terrace","Eastbound W Newberry Rd @ NW 53rd Terrace"
"Millpond Apartments","Millpond Apartments"
"Gainesville Health & Fitness","Gainesville Health & Fitness"
"Alarion Bank","Alarion Bank"
"Urgent Care Center","Urgent Care Center"
"Life South Blood Center","Life South Blood Center"
"Florida Citizens Bank","Florida Citizens Bank"
"Regal Royal Park Stadium 16","Regal Royal Park Stadium 16"
"SW 2nd AVE and SW 36th TER - CIL","SW 2nd AVE and SW 36th TER - CIL"
"Hawaiian Village","Hawaiian Village"
"Westgate Plaza","Westgate Plaza"
"UF Golf Course","UF Golf Course"
"Eastbound SW 2nd Avenue @ SW 26th Street","Eastbound SW 2nd Avenue @ SW 26th Street"
"University of Florida Law School","University of Florida Law School"
"Pressly Stadium","Pressly Stadium"
"Ben Hill Griffin Stadium","Ben Hill Griffin Stadium"
"St. Augustine Catholic Church","St. Augustine Catholic Church"
"Keene Flint Hall","Keene Flint Hall"
"Anderson Hall","Anderson Hall"
"Leonardo's Pizza By The Slice","Leonardo's Pizza By The Slice"
"University of Florida Human Resources","University of Florida Human Resources"
"Innovation Square North","Innovation Square North"
"The Continuum","The Continuum"
"AT&T Building","AT&T Building"
"Alachua County Office of the State Attorney","Alachua County Office of the State Attorney"
"Bo Diddley Community Plaza","Bo Diddley Community Plaza"
"City Hall","City Hall"
"Alachua County Office of the State Attorney","Alachua County Office of the State Attorney"
"Seagle Building","Seagle Building"
"Santa Fe College Charles L. Blount Center","Santa Fe College Charles L. Blount Center"
"Leonardo's 706","Leonardo's 706"
"Westbound W University Ave @ NW 10th St","Westbound W University Ave @ NW 10th St"
"Holiday Inn @ W University Avenue","Holiday Inn @ W University Avenue"
"Target Copy @ W University Avenue","Target Copy @ W University Avenue"
"Smathers Library","Smathers Library"
"Swamp Restaurant","Swamp Restaurant"
"University Lutheran Church","University Lutheran Church"
"President's Park","President's Park"
"UF Law School","UF Law School"
"Campus Church of Christ","Campus Church of Christ"
"Westbound SW 2nd Avenue @ SW 30th Street","Westbound SW 2nd Avenue @ SW 30th Street"
"Westgate Plaza","Westgate Plaza"
"Renaissance Jewelers","Renaissance Jewelers"
"Fire Station","Fire Station"
"Plaza Royale","Plaza Royale"
"Tire Kingdom @ Newberry Road","Tire Kingdom @ Newberry Road"
"Allstate Insurance @ Newberry Road","Allstate Insurance @ Newberry Road"
"Millennium Center","Millennium Center"
"Orthopedic Institute","Orthopedic Institute"
"Gainesville Health & Fitness","Gainesville Health & Fitness"
"SunTrust Bank @ Newberry Road","SunTrust Bank @ Newberry Road"
"Capital City Bank @ Newberry Road","Capital City Bank @ Newberry Road"
"AT&T Store @ NW 4th Place","AT&T Store @ NW 4th Place"
"Gainesville Rock Gym","Gainesville Rock Gym"
"Alachua County Courthouse","Alachua County Courthouse"
"Planned Furnishings","Planned Furnishings"
"NW 6th St @ NW 3rd Ave","NW 6th St @ NW 3rd Ave"
"Santa Fe College Charles L. Blount Center","Santa Fe College Charles L. Blount Center"
"Williams Fellowship Hall","Williams Fellowship Hall"
"Gainesville Police Department","Gainesville Police Department"
"Big Ron's Yoga","Big Ron's Yoga"
"Bailey Village Assisted Living","Bailey Village Assisted Living"
"Medical Marihuana Treatment Center","Medical Marihuana Treatment Center"
"Sixth Street Plaza","Sixth Street Plaza"
"Hand & Hand Day Care","Hand & Hand Day Care"
"NW 6th St NW 23rd Ave","NW 6th St NW 23rd Ave"
"Rena's Ballroom","Rena's Ballroom"
"Wesley United Methodist Church","Wesley United Methodist Church"
"NW 23rd Avenue @ NW 12th St","NW 23rd Avenue @ NW 12th St"
"Big Lot on NW 13th Street","Big Lot on NW 13th Street"
"NW 13th Street","NW 13th Street"
"Mount Pleasant Cemetary","Mount Pleasant Cemetary"
"Johnson & Fletcher Insurance","Johnson & Fletcher Insurance"
"ALDI Food Market","ALDI Food Market"
"Auto Zone @ NW 13th Street","Auto Zone @ NW 13th Street"
"Sunshine Inn","Sunshine Inn"
"Westgate Mobile Manor Park","Westgate Mobile Manor Park"
"Social Security NB NW 13th St","Social Security NB NW 13th St"
"Great Lakes Carpet @ NW 53rd Avenue","Great Lakes Carpet @ NW 53rd Avenue"
"Sorrento New Home Community","Sorrento New Home Community"
"Northwood Oaks Neighborhood","Northwood Oaks Neighborhood"
"Northwood Pines Neighborhood","Northwood Pines Neighborhood"
"Pine Ridge Apartments","Pine Ridge Apartments"
"North Walmart Supercenter","North Walmart Supercenter"
"ABC Liquor Store @ NW 34th Street","ABC Liquor Store @ NW 34th Street"
"Kangaroo Gas @ NW 34th Street","Kangaroo Gas @ NW 34th Street"
"Northwood Pines Neighborhood","Northwood Pines Neighborhood"
"Northwood Oaks Neighborhood","Northwood Oaks Neighborhood"
"Eastbound NW 53rd Avenue @ NW 24th Boulevard","Eastbound NW 53rd Avenue @ NW 24th Boulevard"
"Sorrento New Home Community","Sorrento New Home Community"
"The Home Depot @ NW 53rd Avenue","The Home Depot @ NW 53rd Avenue"
"Social Security Administration","Social Security Administration"
"Early Learning Coalition","Early Learning Coalition"
"Sandy's Boutique","Sandy's Boutique"
"CVS @ NW 13th Street","CVS @ NW 13th Street"
"Publix @ NW 39th Avenue","Publix @ NW 39th Avenue"
"Tires Plus @ NW 13th Street","Tires Plus @ NW 13th Street"
"Grace Presbyterian Church","Grace Presbyterian Church"
"McDonald's @ NW 13th Street","McDonald's @ NW 13th Street"
"Verizon Shop","Verizon Shop"
"Eastbound NW 23rd Avenue @ NW 13th Street","Eastbound NW 23rd Avenue @ NW 13th Street"
"Hearing Aid Gainesville","Hearing Aid Gainesville"
"Forest Meadows Funeral Home","Forest Meadows Funeral Home"
"NW 6th St NW 23rd Ave","NW 6th St NW 23rd Ave"
"NW 6th ST at NW 19th LN (Hand N' Hand Childcare)","NW 6th ST at NW 19th LN (Hand N' Hand Childcare)"
"Acupuncture Center","Acupuncture Center"
"Atlantic Design","Atlantic Design"
"Granny D's","Granny D's"
"American Auto Insurance","American Auto Insurance"
"Jon Uman Attorney","Jon Uman Attorney"
"Greater Bethel African Methodist Episcopal Church","Greater Bethel African Methodist Episcopal Church"
"PPG Paints Store","PPG Paints Store"
"Alachua County Courthouse","Alachua County Courthouse"
"Tools for Schools","Tools for Schools"
"Williams Elementary School","Williams Elementary School"
"Eastbound SE 7th Avenue @ SE 15th Street","Eastbound SE 7th Avenue @ SE 15th Street"
"Northbound SE 15th Street @ SE 3rd Avenue","Northbound SE 15th Street @ SE 3rd Avenue"
"Eastbound University Avenue @ SE 15th Street","Eastbound University Avenue @ SE 15th Street"
"Health Department","Health Department"
"Southeast Gator Liquor @ Hawthorne Road","Southeast Gator Liquor @ Hawthorne Road"
"Eastbound Hawthorne Road @ SE 26th Street","Eastbound Hawthorne Road @ SE 26th Street"
"Alachua County Sheriff's Office","Alachua County Sheriff's Office"
"Southbound SE 27th Street @ SE 15th Avenue","Southbound SE 27th Street @ SE 15th Avenue"
"Durelle Heights Neighborhood","Durelle Heights Neighborhood"
"Lana's Place","Lana's Place"
"Faith Missionary Church","Faith Missionary Church"
"Eastbound SE 21st Avenue @ SE 32nd Terrace","Eastbound SE 21st Avenue @ SE 32nd Terrace"
"SE 35th St @ SE 21st Avenue","SE 35th St @ SE 21st Avenue"
"Northbound SE 35th Street @ SE 20th Avenue","Northbound SE 35th Street @ SE 20th Avenue"
"Northbound SE 35th Street @ SE 16th Avenue","Northbound SE 35th Street @ SE 16th Avenue"
"Kangaroo @ SE 35th Street","Kangaroo @ SE 35th Street"
"E Hawthorne Road @ SE 39th Terrace","E Hawthorne Road @ SE 39th Terrace"
"Chevron Food Mart @ SE 43rd Street","Chevron Food Mart @ SE 43rd Street"
"Eastside High School","Eastside High School"
"The Glades","The Glades"
"Eastwood Meadows","Eastwood Meadows"
"The Verdant Cove","The Verdant Cove"
"Chevron Food Mart @ SE 43rd Street","Chevron Food Mart @ SE 43rd Street"
"Westbound Hawthorne Road @ SE 39th Street","Westbound Hawthorne Road @ SE 39th Street"
"Eastside Food Store","Eastside Food Store"
"Southbound SE 35th Street @ SE 16th Avenue","Southbound SE 35th Street @ SE 16th Avenue"
"Southbound Se 35th Street @ SE 18th Avenue","Southbound Se 35th Street @ SE 18th Avenue"
"Southbound SE 35th Street @ SE 20th Avenue","Southbound SE 35th Street @ SE 20th Avenue"
"Westbound SE 21st Avenue @ SE 32nd Terrace","Westbound SE 21st Avenue @ SE 32nd Terrace"
"Faith Missionary Church","Faith Missionary Church"
"Lana's Place","Lana's Place"
"Durelle Heights Neighborhood","Durelle Heights Neighborhood"
"Northbound SE 27th Street @ SE 15th Avenue","Northbound SE 27th Street @ SE 15th Avenue"
"Alachua County Sheriffs Department","Alachua County Sheriffs Department"
"Alachua County Sheriffs Department","Alachua County Sheriffs Department"
"Dollar General","Dollar General"
"Westbound E University Avenue @ NE 16th Street","Westbound E University Avenue @ NE 16th Street"
"Southbound SE 15th Street @ SE 4th Avenue","Southbound SE 15th Street @ SE 4th Avenue"
"Southbound SE 15th Street @ SE 7th Avenue","Southbound SE 15th Street @ SE 7th Avenue"
"Williams Elementary School","Williams Elementary School"
"Waldo Rd @ SE 7th Avenue","Waldo Rd @ SE 7th Avenue"
"North Walmart Supercenter","North Walmart Supercenter"
"Northside Park and Senior Recreational Center","Northside Park and Senior Recreational Center"
"Barnhill Clinic","Barnhill Clinic"
"Pizza Hut @ NW 34th Street","Pizza Hut @ NW 34th Street"
"Capri Neighborhood","Capri Neighborhood"
"Southbound NW 34th Street @ NW 41st Avenue","Southbound NW 34th Street @ NW 41st Avenue"
"NW 39th Avenue @ NW 34th Street","NW 39th Avenue @ NW 34th Street"
"First Assembly Church","First Assembly Church"
"Walnut Creek Neighborhood","Walnut Creek Neighborhood"
"Uptown Village Apartments","Uptown Village Apartments"
"Palmetto Woods Neighborhood","Palmetto Woods Neighborhood"
"Girls Place of Alachua County","Girls Place of Alachua County"
"Eastbound NW 39th Ave at NW 19th St Green Tree Pk","Eastbound NW 39th Ave at NW 19th St Green Tree Pk"
"Ridgeview Baptist Church","Ridgeview Baptist Church"
"Altrusa House of Gainesville","Altrusa House of Gainesville"
"Southbound NW 21st Street @ NW 36th Avenue","Southbound NW 21st Street @ NW 36th Avenue"
"Glen Springs Apartments","Glen Springs Apartments"
"Misty Oaks Apartments","Misty Oaks Apartments"
"Cobblestone Apartments","Cobblestone Apartments"
"Brookwood Terrace","Brookwood Terrace"
"Plaza Verde - NW 23rd Avenue","Plaza Verde - NW 23rd Avenue"
"Plaza Verde @ NW 13th St Southbound","Plaza Verde @ NW 13th St Southbound"
"Gainesville High School","Gainesville High School"
"Gainesville High School","Gainesville High School"
"Direct Auto Insurance","Direct Auto Insurance"
"State Farm Insurance @ NW 13th Street","State Farm Insurance @ NW 13th Street"
"Applebee's @ NW 13th Street","Applebee's @ NW 13th Street"
"All Star Automotive","All Star Automotive"
"The Gate Food Store @ NW 13th Street","The Gate Food Store @ NW 13th Street"
"NW 13th St @ Nearside NW 3rd Pl Southbound","NW 13th St @ Nearside NW 3rd Pl Southbound"
"The Standard","The Standard"
"Tigert Hall","Tigert Hall"
"Southbound SW 13th ST @ SW 13th AVE","Southbound SW 13th ST @ SW 13th AVE"
"Hotel Eleo @ SW 16th Ave Westbound","Hotel Eleo @ SW 16th Ave Westbound"
"Gainesville Healthcare Center","Gainesville Healthcare Center"
"Shands Hospital @ Parking Garage 9","Shands Hospital @ Parking Garage 9"
"Shands Hospital @ Helipad","Shands Hospital @ Helipad"
"Kangaroo @ SW 13th Street","Kangaroo @ SW 13th Street"
"McDonald's @ SW 13th Street","McDonald's @ SW 13th Street"
"Mother Earth Market","Mother Earth Market"
"University House Apartments","University House Apartments"
"Xerographic Copy Center","Xerographic Copy Center"
"LifeSouth Community Blood Center @ NW 13th Street","LifeSouth Community Blood Center @ NW 13th Street"
"CVS @ NW 13th Street","CVS @ NW 13th Street"
"Gainesville High School","Gainesville High School"
"Gainesville High School","Gainesville High School"
"Lux 13 Apartments","Lux 13 Apartments"
"Furniture Kingdom","Furniture Kingdom"
"UF Health Homecare","UF Health Homecare"
"Brook Wood Terrace Neighborhood","Brook Wood Terrace Neighborhood"
"Cobblestone Apartments","Cobblestone Apartments"
"Misty Oaks Apartments","Misty Oaks Apartments"
"Northbound NW 21st Avenue @ NW 33rd Avenue","Northbound NW 21st Avenue @ NW 33rd Avenue"
"Kiwanis Park","Kiwanis Park"
"Altrusa House of Gainesville","Altrusa House of Gainesville"
"Ridgeview Baptist Church","Ridgeview Baptist Church"
"Westbound NW 39th AVE @ NW 19th TER","Westbound NW 39th AVE @ NW 19th TER"
"Girls Place of Alachua County","Girls Place of Alachua County"
"Equilease Square","Equilease Square"
"Forest of the Unicorn Neighborhood","Forest of the Unicorn Neighborhood"
"Walnut Creek Neighborhood","Walnut Creek Neighborhood"
"Assembly of Gods Church","Assembly of Gods Church"
"Westbound NW 39th Avenue @ NW 31st Street","Westbound NW 39th Avenue @ NW 31st Street"
"NW 39th Avenue @ NW 34th Street","NW 39th Avenue @ NW 34th Street"
"Gethsemane Lutheran Church","Gethsemane Lutheran Church"
"Capri Neighborhood","Capri Neighborhood"
"Family Dollar @ NW 34th Street","Family Dollar @ NW 34th Street"
"YMCA @ NW 34th Street","YMCA @ NW 34th Street"
"Barnhill Clinic","Barnhill Clinic"
"Pine Ridge Apartments","Pine Ridge Apartments"
"Pine Ridge Apartments","Pine Ridge Apartments"
"Northbound NW 23rd Terrace @ NW 62nd Avenue","Northbound NW 23rd Terrace @ NW 62nd Avenue"
"Hampton Court Apartments","Hampton Court Apartments"
"Northbound NW 23rd Terrace @ US Hwy 441","Northbound NW 23rd Terrace @ US Hwy 441"
"Hunters Run","Hunters Run"
"Westbound SW 40th Place @ NW 26th Terrace","Westbound SW 40th Place @ NW 26th Terrace"
"Campus Lodge Apartments","Campus Lodge Apartments"
"Lexington Crossing Apartments","Lexington Crossing Apartments"
"Lexington Crossing Apartments","Lexington Crossing Apartments"
"Windsor Park Apartments","Windsor Park Apartments"
"Northbound SW 27th Street @ SW 35th Place","Northbound SW 27th Street @ SW 35th Place"
"Casablanca East Apartments","Casablanca East Apartments"
"Arbor Park Apartments","Arbor Park Apartments"
"Hickory Place Apartments","Hickory Place Apartments"
"SW 23rd Terrace @ SW 35th Place","SW 23rd Terrace @ SW 35th Place"
"Towne Parc Apartments","Towne Parc Apartments"
"University Club Apartments","University Club Apartments"
"University of Florida Energy Research","University of Florida Energy Research"
"University Commons","University Commons"
"Mt Vernon Apartments @ SW 23rd Drive","Mt Vernon Apartments @ SW 23rd Drive"
"Campus Edge Condominiums","Campus Edge Condominiums"
"Forestry Field Lab/Plant Growth","Forestry Field Lab/Plant Growth"
"Cancer/Genetics Research Complex","Cancer/Genetics Research Complex"
"Cancer and Genetics Research","Cancer and Genetics Research"
"Parking & Transportation Services","Parking & Transportation Services"
"Commuter Lot Parking Garage @ Gale Lemerand","Commuter Lot Parking Garage @ Gale Lemerand"
"Graham Hall","Graham Hall"
"Gator Corner Dining Facility @ Gale Lemerand","Gator Corner Dining Facility @ Gale Lemerand"
"Weimer Hall","Weimer Hall"
"The HUB","The HUB"
"Turlington Hall","Turlington Hall"
"Rawlings Hall","Rawlings Hall"
"Reitz Union","Reitz Union"
"UF Health","UF Health"
"Shands Visitor Parking","Shands Visitor Parking"
"Wilmot Gardens","Wilmot Gardens"
"Cancer & Genetics Research Center","Cancer & Genetics Research Center"
"Lake Alice Conservation Area","Lake Alice Conservation Area"
"IFAS Lab","IFAS Lab"
"Campus Edge Condominiums","Campus Edge Condominiums"
"Mt Vernon Apartments","Mt Vernon Apartments"
"University Commons","University Commons"
"University of Florida Energy Research","University of Florida Energy Research"
"University Club Apartments","University Club Apartments"
"Towne Parc Apartments","Towne Parc Apartments"
"Southwood Apartments","Southwood Apartments"
"Gator Place Condominiums","Gator Place Condominiums"
"Countryside at the University Apartments","Countryside at the University Apartments"
"Southbound SW 23rd Street @ Williston Road","Southbound SW 23rd Street @ Williston Road"
"The Polos Apartments","The Polos Apartments"
"NW 16th Ave NW 13th St","NW 16th Ave NW 13th St"
"Gainesville High School Tennis Courts","Gainesville High School Tennis Courts"
"Westbound NW 16th Avenue @ NW 18th Street","Westbound NW 16th Avenue @ NW 18th Street"
"Westbound NW 16th Avenue @ NW 20th Way","Westbound NW 16th Avenue @ NW 20th Way"
"Forest Ridge Neighborhood","Forest Ridge Neighborhood"
"NW 24th St @ NW 16th Avenue","NW 24th St @ NW 16th Avenue"
"NW 27th Terrace @ NW 16th Avenue","NW 27th Terrace @ NW 16th Avenue"
"NW 30th Terrace @ NW 16th Avenue","NW 30th Terrace @ NW 16th Avenue"
"Zion Evangelical Lutheran Church","Zion Evangelical Lutheran Church"
"Willowcroft Neighborhood","Willowcroft Neighborhood"
"NW 16th Boulevard @ NW 37th Boulevard","NW 16th Boulevard @ NW 37th Boulevard"
"B'Nai Israel School & Day Care","B'Nai Israel School & Day Care"
"Westbound NW 16th Boulevard @ NW 39th Street","Westbound NW 16th Boulevard @ NW 39th Street"
"Capital City Bank @ NW 16th Boulevard","Capital City Bank @ NW 16th Boulevard"
"NW 23rd Ave NW 43rd St","NW 23rd Ave NW 43rd St"
"Floral Expressions","Floral Expressions"
"Westbound NW 23rd Avenue @ NW 46th Terrace","Westbound NW 23rd Avenue @ NW 46th Terrace"
"First Church of the Nazarene","First Church of the Nazarene"
"Northwest Baptist Church","Northwest Baptist Church"
"Westbound NW 23rd Avenue @ NW 63rd Terrace","Westbound NW 23rd Avenue @ NW 63rd Terrace"
"Hickory Woods Neighborhood","Hickory Woods Neighborhood"
"Quail Ridge Neighborhood","Quail Ridge Neighborhood"
"Shenandoah Neighborhood","Shenandoah Neighborhood"
"Santa Fe College @ NW 83rd Street","Santa Fe College @ NW 83rd Street"
"Santa Fe","Santa Fe"
"Santa Fe College","Santa Fe College"
"The Pentecostals of Gainesville","The Pentecostals of Gainesville"
"Shenandoah Neighborhood","Shenandoah Neighborhood"
"Quail Ridge Neighborhood","Quail Ridge Neighborhood"
"Hickory Woods Neighborhood","Hickory Woods Neighborhood"
"Eastbound NW 23rd Avenue @ NW 63rd Terrace","Eastbound NW 23rd Avenue @ NW 63rd Terrace"
"Northwest Baptist Church","Northwest Baptist Church"
"First Church of the Nazarene","First Church of the Nazarene"
"Eastbound NW 23rd Avenue @ NW 46th Street","Eastbound NW 23rd Avenue @ NW 46th Street"
"Floral Expressions","Floral Expressions"
"NW 23rd Ave NW 43rd St","NW 23rd Ave NW 43rd St"
"Eastbound NW 16th Boulevard @ NW 39th Drive","Eastbound NW 16th Boulevard @ NW 39th Drive"
"B'Nai Israel School & Day Care","B'Nai Israel School & Day Care"
"Willowcroft Neighborhood","Willowcroft Neighborhood"
"Covenant Church","Covenant Church"
"Brywood Neighborhood","Brywood Neighborhood"
"Raintree Neighborhood","Raintree Neighborhood"
"Forest Ridge Neighborhood","Forest Ridge Neighborhood"
"Eastbound NW 16th Avenue @ NW 20th Way","Eastbound NW 16th Avenue @ NW 20th Way"
"Colony Park Apartments","Colony Park Apartments"
"NW 16th Ave NW 13th St","NW 16th Ave NW 13th St"
"Eastwood Meadows","Eastwood Meadows"
"Lake Forest Trails Neighborhood","Lake Forest Trails Neighborhood"
"Lake Forest Elementary School","Lake Forest Elementary School"
"Sunrise Store @ SE 43rd Street","Sunrise Store @ SE 43rd Street"
"Exxon Gas Station @ E University Avenue","Exxon Gas Station @ E University Avenue"
"Eastside Plaza","Eastside Plaza"
"Morningside Nature Center","Morningside Nature Center"
"Fred Cone Park","Fred Cone Park"
"Pine Meadows Apartments","Pine Meadows Apartments"
"Caroline Manor Affordable Housing","Caroline Manor Affordable Housing"
"Northbound NE 25th Street @ NE 3rd Place","Northbound NE 25th Street @ NE 3rd Place"
"Northbound NE 25th Street @ NE 6th Avenue","Northbound NE 25th Street @ NE 6th Avenue"
"Mt Carmel Baptist Church","Mt Carmel Baptist Church"
"Northbound NE 25th Street @ NE 11th Place","Northbound NE 25th Street @ NE 11th Place"
"Westbound NE 12th Avenue @ NE 24th Terrace","Westbound NE 12th Avenue @ NE 24th Terrace"
"Southbound NE 24th Street @ NE 8th Avenue","Southbound NE 24th Street @ NE 8th Avenue"
"Westbound NE 8th Avenue @ NE 23nd Street","Westbound NE 8th Avenue @ NE 23nd Street"
"Duval Elementary School","Duval Elementary School"
"Westbound NE 13th Street @ NE 8th Avenue","Westbound NE 13th Street @ NE 8th Avenue"
"Sunny Food Mart","Sunny Food Mart"
"Southbound NE 9th Street @ NE 7th Avenue","Southbound NE 9th Street @ NE 7th Avenue"
"Southbound NE 9th Street @ NE 5th Avenue","Southbound NE 9th Street @ NE 5th Avenue"
"Southbound NE 9th Street @ NE 3rd Avenue","Southbound NE 9th Street @ NE 3rd Avenue"
"Florida School of Traditional Midwifery","Florida School of Traditional Midwifery"
"Alachua County School Board Administration","Alachua County School Board Administration"
"Downtown Library","Downtown Library"
"Salvation Army Thrift Store","Salvation Army Thrift Store"
"Eastbound E University Avenue @ SE 8th Street","Eastbound E University Avenue @ SE 8th Street"
"Northbound NE 9th Street @ E University Avenue","Northbound NE 9th Street @ E University Avenue"
"Northbound NE 9th Street @ NE 3rd Avenue","Northbound NE 9th Street @ NE 3rd Avenue"
"Northbound NE 9th Street @ NE 5th Avenue","Northbound NE 9th Street @ NE 5th Avenue"
"Northbound NE 9th Street @ NE 8th Avenue","Northbound NE 9th Street @ NE 8th Avenue"
"Eastbound NE 8th Avenue @ NE 11th Street","Eastbound NE 8th Avenue @ NE 11th Street"
"Sunny Food Mart","Sunny Food Mart"
"Jones Edmunds","Jones Edmunds"
"Duval Elementary School","Duval Elementary School"
"Eastbound NE 8th Avenue @ NE 22nd Street","Eastbound NE 8th Avenue @ NE 22nd Street"
"Northbound NE 24th Street @ NE 8th Avenue","Northbound NE 24th Street @ NE 8th Avenue"
"Northbound NE 24th Street @ NE 10th Avenue","Northbound NE 24th Street @ NE 10th Avenue"
"Eastbound NE 12th Avenue @ NE 24th Terrace","Eastbound NE 12th Avenue @ NE 24th Terrace"
"Southbound NE 25th Street @ NE 11th Place","Southbound NE 25th Street @ NE 11th Place"
"Southbound NE 25th Street @ NE 8th Avenue","Southbound NE 25th Street @ NE 8th Avenue"
"Southbound NE 25th Street @ NE 6th Avenue","Southbound NE 25th Street @ NE 6th Avenue"
"Southbound NE 25th Street @ NE 3rd Place","Southbound NE 25th Street @ NE 3rd Place"
"Eastbound SE 25th Terrace @ E University Avenue","Eastbound SE 25th Terrace @ E University Avenue"
"Pine Meadows Apartments","Pine Meadows Apartments"
"Fred Cone Park","Fred Cone Park"
"Morningside Nature Center","Morningside Nature Center"
"Eastside Plaza","Eastside Plaza"
"Southbound SE 43rd Street @ E University Avenue","Southbound SE 43rd Street @ E University Avenue"
"Compassionate Outreach","Compassionate Outreach"
"Lake Forest Trails Neighborhood","Lake Forest Trails Neighborhood"
"Best Buy @ Butler Plaza","Best Buy @ Butler Plaza"
"Regions Bank @ SW 37th Boulevard","Regions Bank @ SW 37th Boulevard"
"Gateway at Gainesville Apartments","Gateway at Gainesville Apartments"
"Greenwich Green Apartments","Greenwich Green Apartments"
"Aspen Ridge Apartments","Aspen Ridge Apartments"
"Ridgemar Apartments","Ridgemar Apartments"
"Kangaroo @ SW 34th Street","Kangaroo @ SW 34th Street"
"University Town Center","University Town Center"
"Shands Hospital @ Helipad","Shands Hospital @ Helipad"
"Shands Hospital @ Parking Garage 9","Shands Hospital @ Parking Garage 9"
"Shands Hospital @ Davis Cancer Pavilion","Shands Hospital @ Davis Cancer Pavilion"
"Shands Hospital @ Davis Cancer Pavilion","Shands Hospital @ Davis Cancer Pavilion"
"Kohl's Department Store @ SW 34th ST","Kohl's Department Store @ SW 34th ST"
"HH Gregg @ SW 34th ST","HH Gregg @ SW 34th ST"
"Stoneridge Apartments","Stoneridge Apartments"
"Greenwich Green Apartments","Greenwich Green Apartments"
"O2B Kids @ SW 37th BLVD","O2B Kids @ SW 37th BLVD"
"Regions Bank @ Archer Road","Regions Bank @ Archer Road"
"Best Buy @ Butler Plaza","Best Buy @ Butler Plaza"
"US 441 South","US 441 South"
"Budget Inn","Budget Inn"
"Meridian Behavioral Healthcare","Meridian Behavioral Healthcare"
"Residence Inn","Residence Inn"
"The Landings Apartments","The Landings Apartments"
"CDS Family and Behavioral Services","CDS Family and Behavioral Services"
"Bivens Cove Apartments","Bivens Cove Apartments"
"Tanglewood Apartments","Tanglewood Apartments"
"Boardwalk Apartments","Boardwalk Apartments"
"Comfort Suites Hotel","Comfort Suites Hotel"
"Village Square","Village Square"
"home2 Hotel","home2 Hotel"
"CVS @ SW 13th ST","CVS @ SW 13th ST"
"Oakbrook Walk Condominiums","Oakbrook Walk Condominiums"
"SW 16th Avenue Building A","SW 16th Avenue Building A"
"Summit House Condominiums","Summit House Condominiums"
"Ronald McDonald House of Gainesville","Ronald McDonald House of Gainesville"
"Liv+ Apartments 13th St","Liv+ Apartments 13th St"
"Dollar General","Dollar General"
"Lakeshore Towers Apartments","Lakeshore Towers Apartments"
"City College Gainesville","City College Gainesville"
"Wyndham Garden Hotel","Wyndham Garden Hotel"
"Chop Stix Cafe","Chop Stix Cafe"
"The Landings Apartments","The Landings Apartments"
"Residence Inn","Residence Inn"
"Meridian Behavioral Healthcare","Meridian Behavioral Healthcare"
"Bridge House","Bridge House"
"Cottage Grove Apartments at Gainesville","Cottage Grove Apartments at Gainesville"
"Palms at Brook Valley Apartments","Palms at Brook Valley Apartments"
"Eastbound NW 39th Avenue @ NW 10th Street","Eastbound NW 39th Avenue @ NW 10th Street"
"Stephen Foster Elementary School @ 39th Ave","Stephen Foster Elementary School @ 39th Ave"
"Gainesville Public Works","Gainesville Public Works"
"Bella Vista Village Eastbound","Bella Vista Village Eastbound"
"Pine Forest Homes","Pine Forest Homes"
"Wade Raulerson Honda Dealership","Wade Raulerson Honda Dealership"
"Highland Court Manor","Highland Court Manor"
"Eden Park Apartments","Eden Park Apartments"
"Fearnside Family Services Center","Fearnside Family Services Center"
"Village Green Apartments","Village Green Apartments"
"Southbound NE 15th Street @ NE 31 Avenue","Southbound NE 15th Street @ NE 31 Avenue"
"NE 15th Street @ NE 26th Avenue","NE 15th Street @ NE 26th Avenue"
"Smokey Bear Park","Smokey Bear Park"
"NE 23rd Ave Farside NE 14th St Westbound","NE 23rd Ave Farside NE 14th St Westbound"
"Highland Court Manor Neighborhood @ NE 23rd Avenue","Highland Court Manor Neighborhood @ NE 23rd Avenue"
"Westbound NE 23rd Avenue @ NE 9th Street","Westbound NE 23rd Avenue @ NE 9th Street"
"Pointe 23 Apartments","Pointe 23 Apartments"
"David's BBQ","David's BBQ"
"Pine Grove Apartments","Pine Grove Apartments"
"Laundry Mart","Laundry Mart"
"Publix @ N Main Street","Publix @ N Main Street"
"Gainesville Shopping Center South","Gainesville Shopping Center South"
"Fire Stone @ N Main Street","Fire Stone @ N Main Street"
"Friends of the Library Alachua County","Friends of the Library Alachua County"
"The Collier Companies","The Collier Companies"
"Masonic Temple","Masonic Temple"
"Partnership for Strong Families","Partnership for Strong Families"
"Fire Stone @ N Main Street","Fire Stone @ N Main Street"
"CVS Pharmacy @ N Main Street","CVS Pharmacy @ N Main Street"
"US Post Office @ Main St","US Post Office @ Main St"
"Kangaroo @ N Main St","Kangaroo @ N Main St"
"Laundry Mart","Laundry Mart"
"Pine Grove Apartments","Pine Grove Apartments"
"McCoy Court Apartments","McCoy Court Apartments"
"Pointe 23 Apartments","Pointe 23 Apartments"
"Chelsea Apartments Eastbound","Chelsea Apartments Eastbound"
"NE 23rd Avenue @ NE 11th Terrace","NE 23rd Avenue @ NE 11th Terrace"
"Boulware Charter School","Boulware Charter School"
"Smokey Bear Park","Smokey Bear Park"
"NE 28th Avenue @ NE 15th Street","NE 28th Avenue @ NE 15th Street"
"Northbound NE 15th Street @ NE 31st Avenue","Northbound NE 15th Street @ NE 31st Avenue"
"Village Green Apartments","Village Green Apartments"
"Fearnside Family Services Center Northbound","Fearnside Family Services Center Northbound"
"NE 39th Ave WB Farside NE 15th St","NE 39th Ave WB Farside NE 15th St"
"Eden Park at Ironwood","Eden Park at Ironwood"
"Highland Court","Highland Court"
"Westbound NE 39th Ave at Main St - Gsville Nissan","Westbound NE 39th Ave at Main St - Gsville Nissan"
"Southeast Car Agency","Southeast Car Agency"
"Bella Vista Village","Bella Vista Village"
"Oasis Carwash","Oasis Carwash"
"Stephen Foster Elementary School","Stephen Foster Elementary School"
"Southbound SW 6th Street @ NW 36th Avenue","Southbound SW 6th Street @ NW 36th Avenue"
"Southbound NW 6th Street @ NW 32nd Place","Southbound NW 6th Street @ NW 32nd Place"
"Oak Gate Condominiums","Oak Gate Condominiums"
"IBEW Local 1205","IBEW Local 1205"
"Sugar Hill","Sugar Hill"
"Chevron Gas Station @ Williston Road","Chevron Gas Station @ Williston Road"
"Southbound Williston Road @ SE 1st Terrace","Southbound Williston Road @ SE 1st Terrace"
"Springhill Baptist Church","Springhill Baptist Church"
"Sweetwater on 16th Apartments Westbound","Sweetwater on 16th Apartments Westbound"
"Treehouse Village Apartments","Treehouse Village Apartments"
"Winn Dixie @ SW 16th Avenue","Winn Dixie @ SW 16th Avenue"
"Sun Bay Apartments","Sun Bay Apartments"
"Parklands Rehab & Nursing Center","Parklands Rehab & Nursing Center"
"Oakbrook Walk Condominiums @ SW 16th Avenue","Oakbrook Walk Condominiums @ SW 16th Avenue"
"Sai Quick Stop","Sai Quick Stop"
"The Retreat Apartments","The Retreat Apartments"
"Sun Bay Apartments","Sun Bay Apartments"
"Arbor Park Apartments","Arbor Park Apartments"
"Treehouse Village Apartments","Treehouse Village Apartments"
"Sweetwater on 16th Apartments","Sweetwater on 16th Apartments"
"Spring Hill Church","Spring Hill Church"
"New RTS Maintenance Facility North","New RTS Maintenance Facility North"
"New RTS Maintenance Facility South","New RTS Maintenance Facility South"
"Oaks Mall @ NW 62nd Blvd","Oaks Mall @ NW 62nd Blvd"
"Oaks Mall SW 62nd Blvd","Oaks Mall SW 62nd Blvd"
"Hampton Oaks Apartments","Hampton Oaks Apartments"
"Fairmont Oaks Apartments","Fairmont Oaks Apartments"
"Lakewood Villas Apartments","Lakewood Villas Apartments"
"Rockwood Villas Apartments","Rockwood Villas Apartments"
"The District Apartments","The District Apartments"
"Cabana Beach Apartments","Cabana Beach Apartments"
"Liv Apartments","Liv Apartments"
"Addison Lane","Addison Lane"
"Kensington Apartments South","Kensington Apartments South"
"Southwest Villas Apartments","Southwest Villas Apartments"
"34th St Plaza","34th St Plaza"
"Florida Department Of Agriculture","Florida Department Of Agriculture"
"Hilton University of Florida Conference Center","Hilton University of Florida Conference Center"
"Harn Museum","Harn Museum"
"Southwest Recreation Center","Southwest Recreation Center"
"Maguire Field","Maguire Field"
"UF Counseling and Wellness Center","UF Counseling and Wellness Center"
"Lakeside","Lakeside"
"Lakeside Residential Complex","Lakeside Residential Complex"
"Corry Village","Corry Village"
"Lake Alice Field","Lake Alice Field"
"Hume Hall","Hume Hall"
"Hume Hall","Hume Hall"
"Sigma Alpha Epsilon","Sigma Alpha Epsilon"
"Corry Village","Corry Village"
"UF Bat Houses","UF Bat Houses"
"Lakeside Apartments","Lakeside Apartments"
"UF Counseling and Wellness Center","UF Counseling and Wellness Center"
"Family Housing","Family Housing"
"Southwest Recreation Center","Southwest Recreation Center"
"University Village South Apartments","University Village South Apartments"
"Hilton University of Florida Conference Center","Hilton University of Florida Conference Center"
"Campus USA","Campus USA"
"Pinnacle Point Apartments","Pinnacle Point Apartments"
"Kensington Apartments North","Kensington Apartments North"
"Pinetree Gardens","Pinetree Gardens"
"Circle K SW 20th Ave Westbound","Circle K SW 20th Ave Westbound"
"Canopy Apartments","Canopy Apartments"
"The Woodlands Apartments","The Woodlands Apartments"
"Rockwood Villas Apartments","Rockwood Villas Apartments"
"Spyglass Apartments","Spyglass Apartments"
"Palm Garden of Gainesville","Palm Garden of Gainesville"
"Hampton Oaks Apartments","Hampton Oaks Apartments"
"Terwilliger Elementary School","Terwilliger Elementary School"
"Cabana Beach Apartments","Cabana Beach Apartments"
"Cabana Beach","Cabana Beach"
"Marchwood Townhomes","Marchwood Townhomes"
"Eastbound SW 24th Avenue @ SW 43rd Street","Eastbound SW 24th Avenue @ SW 43rd Street"
"The Ridge @ SW 38th TER northbound","The Ridge @ SW 38th TER northbound"
"SW 38th Terr nearside SW 20th Ave","SW 38th Terr nearside SW 20th Ave"
"Kensington Apartments Eastside","Kensington Apartments Eastside"
"The Ridge @ SW 38th TER southbound","The Ridge @ SW 38th TER southbound"
"Hailey Gardens","Hailey Gardens"
"Forest Park","Forest Park"
"Cabana Beach Apartments","Cabana Beach Apartments"
"North Florida Regional Medical Center","North Florida Regional Medical Center"
"SUBWAY@ Newberry RD","SUBWAY@ Newberry RD"
"West Newberry Rd Nearside NW 69th Ter","West Newberry Rd Nearside NW 69th Ter"
"Newberry Rd @ NW 75th","Newberry Rd @ NW 75th"
"Krystal @ Newberry Road","Krystal @ Newberry Road"
"Westbound Newberry Road @ Fort Clarke Boulevard","Westbound Newberry Road @ Fort Clarke Boulevard"
"Paddock Club Apartments","Paddock Club Apartments"
"Legacy @ Fort Clarke Apartments","Legacy @ Fort Clarke Apartments"
"Northbound Fort Clarke Boulevard @ Eagle Point","Northbound Fort Clarke Boulevard @ Eagle Point"
"Hidden Oak Elementary School","Hidden Oak Elementary School"
"Ft Clarke Middle School","Ft Clarke Middle School"
"Ft Clarke Middle School","Ft Clarke Middle School"
"Hidden Oak Elementary School","Hidden Oak Elementary School"
"Southbound Fort Clarke Boulevard @ Eagle Point","Southbound Fort Clarke Boulevard @ Eagle Point"
"Legacy @ Fort Clarke Apartments","Legacy @ Fort Clarke Apartments"
"Paddock Club Apartments","Paddock Club Apartments"
"Eastbound Newberry Road @ Fort Clarke Boulevard","Eastbound Newberry Road @ Fort Clarke Boulevard"
"Pepboys Auto @ Newberry RD","Pepboys Auto @ Newberry RD"
"Kangaroo Express @ Newberry/Tower Road","Kangaroo Express @ Newberry/Tower Road"
"Oaks Square Complex","Oaks Square Complex"
"Oaks Mall","Oaks Mall"
"GRU Administration Building","GRU Administration Building"
"Eastbound SE 4th Avenue @ SE 8th Street","Eastbound SE 4th Avenue @ SE 8th Street"
"Triangle Club","Triangle Club"
"Northbound SE 11th Street @ SE 2nd Avenue","Northbound SE 11th Street @ SE 2nd Avenue"
"Walgreens @ NE 3rd Avenue","Walgreens @ NE 3rd Avenue"
"UF Health Family Medicine Eastside Northbound","UF Health Family Medicine Eastside Northbound"
"Episcopal Children's Services Northbound","Episcopal Children's Services Northbound"
"Northbound NE 9th Street @ NE 10th Place","Northbound NE 9th Street @ NE 10th Place"
"Northbound NE 9th Street @ NE 14th Avenue","Northbound NE 9th Street @ NE 14th Avenue"
"Tacachale Center","Tacachale Center"
"Family Worship Center","Family Worship Center"
"University of Florida Eastside Campus @ Waldo Road","University of Florida Eastside Campus @ Waldo Road"
"BP Gas Station @ NE 23rd Avenue","BP Gas Station @ NE 23rd Avenue"
"Bertie Heating & Air","Bertie Heating & Air"
"Quick Mart @ NE 15th Street","Quick Mart @ NE 15th Street"
"Lewis Place @ Ironwood Apartments","Lewis Place @ Ironwood Apartments"
"North Point @ Ironwood","North Point @ Ironwood"
"BP Gas Station @ Waldo Road","BP Gas Station @ Waldo Road"
"NE 49th AVE - Brittany Estates Neighborhood","NE 49th AVE - Brittany Estates Neighborhood"
"NE49th AVE - PFG Foods","NE49th AVE - PFG Foods"
"Nordstrom Distribution Center","Nordstrom Distribution Center"
"Job Corps","Job Corps"
"NE 49th AVE","NE 49th AVE"
"Invivo Imaging","Invivo Imaging"
"North Point @ Ironwood","North Point @ Ironwood"
"Lewis Place @ Ironwood Apartments","Lewis Place @ Ironwood Apartments"
"One Room School","One Room School"
"Bertie Heating & Air","Bertie Heating & Air"
"BP Gas Station @ NE 23rd Avenue","BP Gas Station @ NE 23rd Avenue"
"University of Florida Eastside Campus @ Waldo Road","University of Florida Eastside Campus @ Waldo Road"
"Crab House","Crab House"
"Southbound NE 9th Street @ NE 14th Avenue","Southbound NE 9th Street @ NE 14th Avenue"
"Southbound NE 9th Street @ Ne 10th Place","Southbound NE 9th Street @ Ne 10th Place"
"Episcopal Children's Services","Episcopal Children's Services"
"UF Health Family Medicine Eastside","UF Health Family Medicine Eastside"
"Kangaroo @ Waldo Road","Kangaroo @ Waldo Road"
"Southbound SE 11th Street @ SE 2nd Avenue","Southbound SE 11th Street @ SE 2nd Avenue"
"Triangle Club","Triangle Club"
"Westbound SE 4th Avenue @ SE 8th Street","Westbound SE 4th Avenue @ SE 8th Street"
"GRU Administration Building","GRU Administration Building"
"Bed and Breakfast District","Bed and Breakfast District"
"Eastbound SE 2nd AVE @ SE 10th ST","Eastbound SE 2nd AVE @ SE 10th ST"
"Super Wal-Mart @ Waldo Road","Super Wal-Mart @ Waldo Road"
"Sonny's Barbecue @ Waldo Road","Sonny's Barbecue @ Waldo Road"
"Merita Bread Box","Merita Bread Box"
"GRACE Marketplace","GRACE Marketplace"
"Alachua County Juvenile Detention","Alachua County Juvenile Detention"
"Airport","Airport"
"Gainesville Regional Airport Outbound","Gainesville Regional Airport Outbound"
"Alachua County Juvenile Detention","Alachua County Juvenile Detention"
"GRACE Marketplace","GRACE Marketplace"
"Merita Bread Box","Merita Bread Box"
"Sonny's Barbecue @ Waldo Road","Sonny's Barbecue @ Waldo Road"
"Super Wal-Mart @ Waldo Road","Super Wal-Mart @ Waldo Road"
"Westbound SE 2nd AVE @ SE 10th ST","Westbound SE 2nd AVE @ SE 10th ST"
"Bed and Breakfast District","Bed and Breakfast District"
"Ben Hill Griffin Stadium North End Zone","Ben Hill Griffin Stadium North End Zone"
"Hills Mini Storage","Hills Mini Storage"
"Ironwood Golf Course","Ironwood Golf Course"
"Passage Family Church","Passage Family Church"
"Southbound Metcalfe Elementary School","Southbound Metcalfe Elementary School"
"Gardenia Gardens","Gardenia Gardens"
"Northbound Metcalfe Elementary School","Northbound Metcalfe Elementary School"
"NE 15th St @ NE 20th Pl","NE 15th St @ NE 20th Pl"
"Ironwood Golf Course","Ironwood Golf Course"
"NE 39th Ave @ Waldo Rd","NE 39th Ave @ Waldo Rd"
"FDOT Operations Center","FDOT Operations Center"
"Santa Fe College Charles L. Blount Center","Santa Fe College Charles L. Blount Center"
"Northwest 8 Avenue @ farside NW 4th St","Northwest 8 Avenue @ farside NW 4th St"
"UF & Shands Family Medicine Main Street","UF & Shands Family Medicine Main Street"
"Fresenius Medical Care","Fresenius Medical Care"
"Greyhound Station","Greyhound Station"
"Northside Shopping Center West","Northside Shopping Center West"
"Northside Shopping Center East","Northside Shopping Center East"
"Family Dollar @ NE 23rd AVE","Family Dollar @ NE 23rd AVE"
"The Clock Restaurant","The Clock Restaurant"
"Gator City Motors SB N Main St","Gator City Motors SB N Main St"
"Westbound NW 8th AVE @ NW 4th ST","Westbound NW 8th AVE @ NW 4th ST"
"Santa Fe College Charles L. Blount Center","Santa Fe College Charles L. Blount Center"
"Family Housing @ SW 34th Street","Family Housing @ SW 34th Street"
"Northside Family Housing","Northside Family Housing"
"Corry Village","Corry Village"
"Fraternity Row II across Springs","Fraternity Row II across Springs"
"Beta Theta Pi across Springs","Beta Theta Pi across Springs"
"Leigh Hall","Leigh Hall"
"Springs Residence Building","Springs Residence Building"
"Fraternity Row at West Fraternity Drive","Fraternity Row at West Fraternity Drive"
"Corry Village","Corry Village"
"Physical Plant Radio Road","Physical Plant Radio Road"
"Orthopaedics and Sports Medicine Institute","Orthopaedics and Sports Medicine Institute"
"Clark Butler BLVD @ Plaza southbound","Clark Butler BLVD @ Plaza southbound"
"Celebration Pointe At Regal Cinema 10","Celebration Pointe At Regal Cinema 10"
"Celebration Pointe PNR","Celebration Pointe PNR"
"Outside of Butler Plaza TS","Outside of Butler Plaza TS"
"Pod @ Plaza Blvd Eastbound","Pod @ Plaza Blvd Eastbound"
"Varsity House Apartments @ SW 38th Ter","Varsity House Apartments @ SW 38th Ter"
"aloft Hotel @ Hull Rd Eastbound","aloft Hotel @ Hull Rd Eastbound"
"Museum Walk Apartments","Museum Walk Apartments"
"Cultural Plaza","Cultural Plaza"
"Lacrosse Field","Lacrosse Field"
"Fifield Hall","Fifield Hall"
"Southbound SW 26th Drive @ SW 40th Place","Southbound SW 26th Drive @ SW 40th Place"
"Gainesville Place Apartments @ SW 35th Place","Gainesville Place Apartments @ SW 35th Place"
"Gainesville Place Apartments","Gainesville Place Apartments"
"Gainesville Place Apartments","Gainesville Place Apartments"
"Enclave Apartments","Enclave Apartments"
"Gainesville Place Apartments","Gainesville Place Apartments"
"Old Archer Road @ SW 34th Street","Old Archer Road @ SW 34th Street"
"Regency Oaks Apartments","Regency Oaks Apartments"
"34th Street Plaza","34th Street Plaza"
"34th Street Wall","34th Street Wall"
"Point West Apartments","Point West Apartments"
"Maguire Village @ SW 34th Street","Maguire Village @ SW 34th Street"
"34th Street Plaza","34th Street Plaza"
"Kelly's Kwik Stop","Kelly's Kwik Stop"
"Ridgemar Commons","Ridgemar Commons"
"Victoria Station Apartments","Victoria Station Apartments"
"Gainesville Place Apartments @ SW 35th Place","Gainesville Place Apartments @ SW 35th Place"
"Southbound SW 27th Street @ SW 35th Place","Southbound SW 27th Street @ SW 35th Place"
"Lexington Crossing Apartments","Lexington Crossing Apartments"
"Lexington Crossing Apartments","Lexington Crossing Apartments"
"Savannah Place Apartments","Savannah Place Apartments"
"Arbor Apartments","Arbor Apartments"
"Casablanca Apartments","Casablanca Apartments"
"Lexington Crossing Apartments","Lexington Crossing Apartments"
"The Polos Southwest Entrance","The Polos Southwest Entrance"
"Hunters Run Apartments","Hunters Run Apartments"
"Campus Lodge Apartments","Campus Lodge Apartments"
"Nationwide Insurance @ Williston Road","Nationwide Insurance @ Williston Road"
"Williston Plaza","Williston Plaza"
"US Post Office @ SW 34th Street","US Post Office @ SW 34th Street"
"Laurels Apartments","Laurels Apartments"
"Dollar General","Dollar General"
"University Terrace Condominiums","University Terrace Condominiums"
"Williston Plaza","Williston Plaza"
"Regal  Cinema 14 @ Butler Plaza","Regal  Cinema 14 @ Butler Plaza"
"Spanish Trace Apartments","Spanish Trace Apartments"
"Fifield Hall","Fifield Hall"
"Pressly Softball Stadium","Pressly Softball Stadium"
"Southwest Recreation Center","Southwest Recreation Center"
"Spanish Trace Apartments","Spanish Trace Apartments"
"Windmeadows Apartments","Windmeadows Apartments"
"Alarion Bank @ 34th ST","Alarion Bank @ 34th ST"
"US Post Office @ SW 34th Street","US Post Office @ SW 34th Street"
"Williston Plaza","Williston Plaza"
"The Enclave Apartments","The Enclave Apartments"
"Rocky Point Apartments","Rocky Point Apartments"
"Gainesville Place","Gainesville Place"
"University Commons Apartments","University Commons Apartments"
"Brandywine Apartments","Brandywine Apartments"
"Archer Court Apartments","Archer Court Apartments"
"Gainesville Place Apartments","Gainesville Place Apartments"
"Enclave 1","Enclave 1"
"Enclave 3","Enclave 3"
"Enclave 4","Enclave 4"
"Possum Creek Park","Possum Creek Park"
"Hunter's Crossing","Hunter's Crossing"
"Southbound NW 43rd St. @ NW 48th Pl","Southbound NW 43rd St. @ NW 48th Pl"
"Southbound NW 43rd St. @ NW 46th Ave","Southbound NW 43rd St. @ NW 46th Ave"
"Southbound NW 43rd St. @ NW 44th Ave","Southbound NW 43rd St. @ NW 44th Ave"
"Southbound NW 43rd St. @ NW 41st Pl","Southbound NW 43rd St. @ NW 41st Pl"
"Metrocorp Center","Metrocorp Center"
"Eastbound NW 39th AVE @ NW 37th ST","Eastbound NW 39th AVE @ NW 37th ST"
"Sable Chase Neighborhood","Sable Chase Neighborhood"
"Southbound NW 34th St. @ NW 37th Ave","Southbound NW 34th St. @ NW 37th Ave"
"Southbound NW 34th St. @ NW 33rd Ln","Southbound NW 34th St. @ NW 33rd Ln"
"Southbound NW 34th St @ NW 30th Pl","Southbound NW 34th St @ NW 30th Pl"
"Southbound NW 34th St @ NW 26th Pl","Southbound NW 34th St @ NW 26th Pl"
"Southbound NW 34th St. @ NW 21st Pl","Southbound NW 34th St. @ NW 21st Pl"
"Greenbriar Terrace Community","Greenbriar Terrace Community"
"Southbound Westwood Middle School","Southbound Westwood Middle School"
"Littlewood Elementary School","Littlewood Elementary School"
"Southbound NW 34th St. @ NW 7th Ave","Southbound NW 34th St. @ NW 7th Ave"
"Southbound Loblolly Woods South Entrance","Southbound Loblolly Woods South Entrance"
"Northbound Loblolly Woods South Entrance","Northbound Loblolly Woods South Entrance"
"Northbound NW 34th St. @ NW 8th Ave","Northbound NW 34th St. @ NW 8th Ave"
"Westside Recreation Center","Westside Recreation Center"
"Northbound Westwood Middle School","Northbound Westwood Middle School"
"Northbound NW 34th St @ NW 16th Ave","Northbound NW 34th St @ NW 16th Ave"
"Northbound NW 34th St @ NW 21st Pl","Northbound NW 34th St @ NW 21st Pl"
"Northbound NW 34th St. @ NW 26th Ave","Northbound NW 34th St. @ NW 26th Ave"
"Northbound NW 34th St. @ NW 31st Ave","Northbound NW 34th St. @ NW 31st Ave"
"Northbound NW 34th St @ NW 33rd Ln","Northbound NW 34th St @ NW 33rd Ln"
"Northbound NW 34th St. @ NW 31st Blvd","Northbound NW 34th St. @ NW 31st Blvd"
"Sable Chase Neighborhood","Sable Chase Neighborhood"
"Breckenridge Neighborhood","Breckenridge Neighborhood"
"Metrocorp Center","Metrocorp Center"
"Northbound NW 43rd St. @ NW 39th Ave","Northbound NW 43rd St. @ NW 39th Ave"
"Pinewood Terrace Community","Pinewood Terrace Community"
"Northbound NW 43rd St. @ NW 46th Ave","Northbound NW 43rd St. @ NW 46th Ave"
"Northbound NW 43rd St. @ NW 48th Pl","Northbound NW 43rd St. @ NW 48th Pl"
"Walgreens on NW 43rd Street","Walgreens on NW 43rd Street"
"Santa Fe College @ NW 83rd Street","Santa Fe College @ NW 83rd Street"
"The Arc","The Arc"
"Windsor Assisted Living","Windsor Assisted Living"
"Springhill Professional Center","Springhill Professional Center"
"Robin Lane Neighborhood","Robin Lane Neighborhood"
"Unicorn Hill Farm","Unicorn Hill Farm"
"Greystone Community","Greystone Community"
"Faith Presbyterian Church","Faith Presbyterian Church"
"Huntington Lakes Apartments","Huntington Lakes Apartments"
"NW Grille Seafood","NW Grille Seafood"
"Autumn Woods Neighborhood","Autumn Woods Neighborhood"
"Pine Woods Apartments","Pine Woods Apartments"
"Allstate Insurance","Allstate Insurance"
"Division of Blind Services","Division of Blind Services"
"Southbound NW 43rd Street @ NW 33rd Court","Southbound NW 43rd Street @ NW 33rd Court"
"Millhopper Branch Library","Millhopper Branch Library"
"Sunstate Insurance","Sunstate Insurance"
"CVS @ Millhopper","CVS @ Millhopper"
"Millhopper Plaza","Millhopper Plaza"
"Southbound NW 43rd Street @ NW 19th Avenue","Southbound NW 43rd Street @ NW 19th Avenue"
"Southbound NW 43rd Street @ NW 15th Place","Southbound NW 43rd Street @ NW 15th Place"
"Suburban Heights Neighborhood","Suburban Heights Neighborhood"
"Landmark Woods Neighborhood","Landmark Woods Neighborhood"
"Landmark Woods Neighborhood","Landmark Woods Neighborhood"
"Holy Faith Catholic Church","Holy Faith Catholic Church"
"Kauffman Tires","Kauffman Tires"
"Westgate Plaza","Westgate Plaza"
"Women's Club","Women's Club"
"Eastbound University Avenue @ SW 23rd DR","Eastbound University Avenue @ SW 23rd DR"
"Hillel at the University of Florida","Hillel at the University of Florida"
"Westbound University Avenue @ NW 22nd Street","Westbound University Avenue @ NW 22nd Street"
"Westbound University Avenue @ NW 23rd Drive","Westbound University Avenue @ NW 23rd Drive"
"Women Center","Women Center"
"West Gate Shopping Center","West Gate Shopping Center"
"Westgate Plaza","Westgate Plaza"
"Fire Station @ W University Ave","Fire Station @ W University Ave"
"Millennium Center","Millennium Center"
"Holy Faith Catholic Church","Holy Faith Catholic Church"
"Lenox Place Apartments","Lenox Place Apartments"
"Landmark Woods Neighborhood","Landmark Woods Neighborhood"
"NW 14th Place @ NW 43rd Street","NW 14th Place @ NW 43rd Street"
"Northbound NW 43rd Street @ NW 16th Place","Northbound NW 43rd Street @ NW 16th Place"
"Millhopper Pines Apartments","Millhopper Pines Apartments"
"Millhopper Plaza","Millhopper Plaza"
"Thorn Brook Shops","Thorn Brook Shops"
"Bank of America @ NW 43rd Street","Bank of America @ NW 43rd Street"
"Millhopper Branch Library","Millhopper Branch Library"
"Monterey Apartments","Monterey Apartments"
"Pinewood Apartments","Pinewood Apartments"
"Magnolia Park Neighborhood","Magnolia Park Neighborhood"
"Tire Plus @ NW 39th Avenue","Tire Plus @ NW 39th Avenue"
"Huntington Lakes Apartments","Huntington Lakes Apartments"
"Faith Presbyterian Church","Faith Presbyterian Church"
"Summer Creek Neighborhood","Summer Creek Neighborhood"
"Emerald Woods Neighborhood","Emerald Woods Neighborhood"
"Robin Lane Neighborhood","Robin Lane Neighborhood"
"Springhill Professional Center","Springhill Professional Center"
"Northridge Neighborhood","Northridge Neighborhood"
"The Arc","The Arc"
"Santa Fe College @ NW 83rd Street","Santa Fe College @ NW 83rd Street"
"Pollo Tropical @ Butler Plaza West","Pollo Tropical @ Butler Plaza West"
"Gainesville Ale House","Gainesville Ale House"
"Celebration Pointe at Archer Rd","Celebration Pointe at Archer Rd"
"Gainesville Council on Aging","Gainesville Council on Aging"
"Westbound Archer Road @ SW 50th Street","Westbound Archer Road @ SW 50th Street"
"Madison Cove Apartments","Madison Cove Apartments"
"Kanapaha Botanical Gardens","Kanapaha Botanical Gardens"
"Westgate Mobile Manor Park","Westgate Mobile Manor Park"
"A Child's Place","A Child's Place"
"Kanapaha Station Plaza","Kanapaha Station Plaza"
"Town & Country Veterinarians","Town & Country Veterinarians"
"Bank of America @ Tower Square on Archer Road","Bank of America @ Tower Square on Archer Road"
"Publix @ Tower Square on SW 75th Street","Publix @ Tower Square on SW 75th Street"
"Asbury Park Apartments","Asbury Park Apartments"
"Kanapaha Middle School","Kanapaha Middle School"
"Tower Village Apartments","Tower Village Apartments"
"Vet Mem PK","Vet Mem PK"
"Kanapaha Park","Kanapaha Park"
"Tower Road Branch Library","Tower Road Branch Library"
"Bellamy Grand","Bellamy Grand"
"Walgreens @ SW 24th Avenue","Walgreens @ SW 24th Avenue"
"Infinite Energy","Infinite Energy"
"Tower Oaks Glenn Apartments","Tower Oaks Glenn Apartments"
"Split Rock Conservation Area","Split Rock Conservation Area"
"Linton Oaks Neighborhood","Linton Oaks Neighborhood"
"Linton Oaks Neighborhood @ SW 61st Street","Linton Oaks Neighborhood @ SW 61st Street"
"Linton Oaks","Linton Oaks"
"Linton Oaks Neighborhood @ SW 64th Terrace","Linton Oaks Neighborhood @ SW 64th Terrace"
"Linton Oaks Neighborhood @ SW 63rd Terrace","Linton Oaks Neighborhood @ SW 63rd Terrace"
"Linton Oaks Neighborhood @ SW 61st Street","Linton Oaks Neighborhood @ SW 61st Street"
"Linton Oaks Neighborhood","Linton Oaks Neighborhood"
"Treebecka Park Apts","Treebecka Park Apts"
"Tower Oaks Glenn Apartments","Tower Oaks Glenn Apartments"
"KISS 105.3 FM Station","KISS 105.3 FM Station"
"Carriage House Lane","Carriage House Lane"
"CVS Pharmacy @ SW 75th Street","CVS Pharmacy @ SW 75th Street"
"Sunrise Apartments","Sunrise Apartments"
"Woodlands Neighborhood","Woodlands Neighborhood"
"Sparrow Apartments","Sparrow Apartments"
"Holly Heights","Holly Heights"
"Eastbound SW 6th Place @ SW 67th Terrace","Eastbound SW 6th Place @ SW 67th Terrace"
"Gordon Manor Neighborhood","Gordon Manor Neighborhood"
"Westbound SW 8th Avenue @ SW 70th Terrace","Westbound SW 8th Avenue @ SW 70th Terrace"
"Sparrow Apartments","Sparrow Apartments"
"Sparrow Apartments","Sparrow Apartments"
"Cricket Club Apartments","Cricket Club Apartments"
"Reflections Apartments","Reflections Apartments"
"The Gardens Apartments","The Gardens Apartments"
"Pine Meadow Apartments","Pine Meadow Apartments"
"Harbor Cove Apartments","Harbor Cove Apartments"
"Home Depot @ NW 4th Boulevard","Home Depot @ NW 4th Boulevard"
"Park Place Car Wash","Park Place Car Wash"
"Clarion Inn","Clarion Inn"
"Tower Plaza","Tower Plaza"
"Advance Auto Parts","Advance Auto Parts"
"Tower Hill","Tower Hill"
"The Gardens Apartments","The Gardens Apartments"
"Cricket Club Apartments","Cricket Club Apartments"
"The Woodlands Neighborhood","The Woodlands Neighborhood"
"Sunrise Apartments","Sunrise Apartments"
"Tower 24 Shopping Center","Tower 24 Shopping Center"
"Tower Road Library","Tower Road Library"
"Kenwood Neighborhood","Kenwood Neighborhood"
"Vet Mem PK","Vet Mem PK"
"Tower Village","Tower Village"
"Haile Plantation Neighborhood","Haile Plantation Neighborhood"
"Stillwind Neighborhood","Stillwind Neighborhood"
"Valwood Neighborhood","Valwood Neighborhood"
"Tower Square @ SW 75th Street","Tower Square @ SW 75th Street"
"Arredondo Farms","Arredondo Farms"
"CROM Equipment Rentals","CROM Equipment Rentals"
"Business Park Self Storage","Business Park Self Storage"
"SunState","SunState"
"Westgate Manor Park","Westgate Manor Park"
"Broken Arrow Bluff Community","Broken Arrow Bluff Community"
"Dogwood Dog Park","Dogwood Dog Park"
"Hailey Forest Condominiums","Hailey Forest Condominiums"
"Haystacks Housing Complex","Haystacks Housing Complex"
"The Reserve at Kanapaha","The Reserve at Kanapaha"
"Cultural Plaza","Cultural Plaza"
"Weed Science Building","Weed Science Building"
"Microbiology/Cell Science Building","Microbiology/Cell Science Building"
"Lakeside Housing Complex","Lakeside Housing Complex"
"Tolbert Residence Hall","Tolbert Residence Hall"
"Graham Hall","Graham Hall"
"Lakeside Residential Building","Lakeside Residential Building"
"Microbiology/Cell Science Building","Microbiology/Cell Science Building"
"Family Housing","Family Housing"
"Family Housing","Family Housing"
"Webb Livestock Pavilion","Webb Livestock Pavilion"
"Animal Science","Animal Science"
"Webb Livestock Pavilion","Webb Livestock Pavilion"
"College Park @ NW 17th ST","College Park @ NW 17th ST"
"Northbound NW 17th ST @ NW 5th AVE","Northbound NW 17th ST @ NW 5th AVE"
"Northbound NW 17th ST @ NW 7th AVE","Northbound NW 17th ST @ NW 7th AVE"
"Alight Gainesville Apts","Alight Gainesville Apts"
"The Trophy Shop","The Trophy Shop"
"College Park @ NW 5th AVE","College Park @ NW 5th AVE"
"Eastbound NW 5th AVE @ NW 17th ST","Eastbound NW 5th AVE @ NW 17th ST"
"College Park @ NW 17th ST","College Park @ NW 17th ST"
"Dauer Hall","Dauer Hall"
"Newell Hall across Hub","Newell Hall across Hub"
"Florida Gym","Florida Gym"
"Commuter Lot Parking Garage","Commuter Lot Parking Garage"
"Wilmot Gardens","Wilmot Gardens"
"Health Science Center Administration","Health Science Center Administration"
"Schiebler Childrens Medical Facility","Schiebler Childrens Medical Facility"
"Fraternity Row","Fraternity Row"
"Sorority Row","Sorority Row"
"Sorority Row","Sorority Row"
"Norman Field @ SW 8th Avenue","Norman Field @ SW 8th Avenue"
"Southbound SW 10th ST at SW 4th Ave (Deco 39)","Southbound SW 10th ST at SW 4th Ave (Deco 39)"
"Stratford Court Apartments","Stratford Court Apartments"
"Ivy House Apartment","Ivy House Apartment"
"Oxford Terrace Apartments","Oxford Terrace Apartments"
"Parkside II Apartments","Parkside II Apartments"
"Courtyard Apartments","Courtyard Apartments"
"Campus USA Bank","Campus USA Bank"
"Norman Hall","Norman Hall"
"Eastbound SW 7th AVE @ SW 12th ST","Eastbound SW 7th AVE @ SW 12th ST"
"Eastbound SW 7th AVE @ SW 10th ST","Eastbound SW 7th AVE @ SW 10th ST"
"Campus Walk @ SW 9th St","Campus Walk @ SW 9th St"
"Kangaroo Station","Kangaroo Station"
"Unity of Gainesville","Unity of Gainesville"
"UF & Shands at Springhill","UF & Shands at Springhill"
"McDonalds","McDonalds"
"Fifield PNR","Fifield PNR"
"Rawlings Hall","Rawlings Hall"
"UF Orthopaedics Institute","UF Orthopaedics Institute"
"Village Point 4","Village Point 4"
"Village Point 3","Village Point 3"
"Pod @ Plaza Blvd Westbound","Pod @ Plaza Blvd Westbound"
"Haile Plantation I","Haile Plantation I"
"Southbound NW 55th ST @ NW 14th AVE","Southbound NW 55th ST @ NW 14th AVE"
"Southbound NW 55th ST @ NW 9th LN","Southbound NW 55th ST @ NW 9th LN"
"Westbound SW 24th AVE @ SW 75th ST","Westbound SW 24th AVE @ SW 75th ST"
"Westbound SW 87th Dr @ SW 91st St","Westbound SW 87th Dr @ SW 91st St"
"Eastbound SW 24th AVE @ SW 76th ST","Eastbound SW 24th AVE @ SW 76th ST"
"Northbound NW 55th St @ NW 9th Ln","Northbound NW 55th St @ NW 9th Ln"
"Northbound NW 55th ST @ NW 14th AVE","Northbound NW 55th ST @ NW 14th AVE"
